id,label,text
0BV7191EOS,1,"Passer de 75% à 100% de couverture des cantines scolaires

Le gouvernement béninois a l’ambition d’étendre le Programme National d’Alimentation Scolaire à toutes les Ecoles publiques du Bénin à l’horizon 2026. L’annonce a été faite, lundi 24 octobre 2022, par le ministre d’Etat chargé du Développement et de la Coordination de l’action gouvernementale, -------------------- à l’ouverture de la 23e édition du Forum mondial sur la nutrition de l’enfant.
S’exprimant, lundi 24 octobre 2022, à l’ouverture de la 23e édition du Forum mondial sur la nutrition de l’enfant tenu à Cotonou, --------------------, ministre d’Etat chargé du Développement et de la Coordination de l’action gouvernementale a fait savoir qu’ « à la date d’aujourd’hui, 75 % des écoliers béninois, soit 3 enfants sur 4 ont un repas chaud à midi par jour à l’école ».
Le gouvernement entend porter ce taux de couverture à 100% à l’horizon 2026 « de sorte que tous les écoliers aient accès à un repas chaud à midi par jour à l’école », a précisé le ministre d’Etat.
-----
www.24haubenin.bj ; L'information en temps réel
26 octobre 2022 par -----------"
1Z3ZW3BIIC,0,"Le procès des personnes arrêtées au CNHU renvoyé au 8 novembre

Ouvert ce mardi 25 octobre 2022 au Tribunal de Première Instance de Cotonou, le procès des quatre personnes poursuivies pour « homicide involontaire » à la suite des décès de quatre patients admis au service de réanimation du Centre Hospitalier Universitaire Hubert Koutoukou Maga (CNHU-HKM) de Cotonou, a été renvoyé au 8 novembre 2022.
Le chef de la division électricité du CNHU, un agent et deux électriciens d’une structure en charge du générateur d’oxygène du service d’anesthésie réanimation du CNHU qui avaient été placés sous mandat de dépôt le vendredi 14 octobre 2022 dans le cadre des décès de quatre patients survenus au CNHU le vendredi 7 octobre 2022, ont comparu ce mardi 25 octobre 2022 au Tribunal Tribunal de Première Instance de Cotonou.
Poursuivis pour « homicide involontaire », les quatre prévenus n’ont pas reconnu les faits mis à leur charge à l’audience de ce mardi.
A la barre, le médecin de garde le jour du drame a fait savoir que les décès ont été provoqués par une rupture d’oxygène et non pas une coupure d’électricité comme révélé par les premiers éléments d’enquête.
La rupture dans la fourniture de l’oxygène est due à une coupure électrique, selon le directeur général de Palutech, une société qui produit de l’oxygène. La société Palutech décline toute responsabilité dans le drame qui est survenu. C’est un agent de l’hôpital qui aurait oublié d’appuyer le bouton pour réalimenter la zone où se trouvait l’appareil à oxygène, a indiqué le Dg de Palutech dans ses dépositions.
L’un des agents a reconnu avoir coupé l’alimentation pour permettre la continuité dans la fourniture de l’électricité lors d’une première coupure de courant intervenue aux environs de 13 heures le vendredi 7 octobre 2022. Mais au rétablissement de l’énergie, l’agent confie avoir oublié de remettre les contacts à cause d’un trop plein de travail.
Le procès a été renvoyé au 8 novembre 2022.
-------www.24haubenin.bj ; L'information en temps réel
26 octobre 2022 par -----------"
20W0VLVUC3,0,"Nouvel enrôlement au Ravip pour les femmes et écoliers candidats

Opération d’enrôlement au Recensement Administratif à Vocation d’Identification de la Population (RAVIP) au profit des femmes bénéficiaires du microcrédit ------ et des écoliers en classe d’examen qui n’ont pas fait le RAVIP.
L’Agence Nationale d’Identification des Personnes (ANIP) organise une opération d’enrôlement au Recensement Administratif à Vocation d’Identification de la Population (RAVIP) du 02 au 03 novembre 2022 dans tous les départements du Bénin au profit des femmes bénéficiaires du microcrédit ------ et des écoliers en classe d’examen.
Dans le cadre de cette opération qui offre une deuxième chance aux femmes et aux élèves qui ne s’étaient pas enrôlés au RAVIP, pièce maîtresse dans l’obtention de plusieurs autres actes d’état civil au Bénin.
Les femmes bénéficiaires du microcrédit ------ sont priées de se rapprocher de l’institution de microcrédit d’affiliation pour de plus amples informations.
« Quant aux écoliers, les parents sont invités à apporter la copie certifiée de l’acte de naissance ou la fiche de déclaration de naissance ».
Selon le communiqué du mandataire de l’ANIP, l’opération vise à délivrer gratuitement le certificat NPI/FiD grâce à l’appui de la Banque mondiale dans le cadre du projet WURI/Bénin.
-----
www.24haubenin.bj ; L'information en temps réel
26 octobre 2022 par -----------"
7PMCBUVHSC,1,"COMPTE RENDU DU CONSEIL DES MINISTRES DU 26 OCT. 2022

Le Conseil des Ministres s’est réuni mercredi, le 26 octobre 2022, sous la présidence de ----------------------, --------------------------, Chef de l’État, --------------------.
Les décisions ci-après ont été prises :
I- MESURES NORMATIVES.
Transmission à l’Assemblée nationale, pour examen et vote, du projet de loi relatif au crédit-bail en République du Bénin.
Une directive de l’UEMOA a adopté le projet de loi uniforme relatif au crédit-bail et, par une décision du 24 juin 2016, il est prescrit aux Etats membres de prendre les dispositions nécessaires pour le transposer dans leur droit positif interne.
Notre pays disposait déjà depuis 2017 d’une législation en la matière et la transposition de la norme communautaire qui couvre un périmètre plus large sera désormais la référence. 
Ainsi, le Gouvernement, après avoir requis l’avis motivé de la Cour suprême, en a saisi le Parlement. 
Le crédit-bail, faut-il le rappeler, consiste en la location assortie d’une option d’achat de biens à usage professionnel, meubles ou immeubles, corporels ou incorporels. C’est donc un instrument adapté notamment pour le financement des Petites et Moyennes Entreprises (PME), qui éprouvent souvent des difficultés à fournir des garanties pour l’obtention d’un crédit bancaire classique.
Un tel mécanisme comporte en effet divers avantages que sont notamment la mise en place rapide du financement, l’absence d’apport initial ou d’une garantie de la part du client ainsi que le niveau réduit des coûts de transactions. Il en est de même de la préservation de la capacité d’endettement des entreprises et, pour le crédit-bailleur, des points d’intérêt en situation d’apurement du passif.
Le recours à cet instrument est donc à promouvoir dans la sous-région.
II- COMMUNICATIONS. 
II-1. Réhabilitation et aménagement des voies d’accès et de traversée de Cotonou, puis réalisation d’une mission en vue de l’exécution de divers travaux dans les cinq villes du grand Nokoué.
La mise aux normes de voies urbaines d’accès et de traversée de Cotonou dans les deux sens, soit un linéaire total de 64 km, consistent en des travaux de reprise de chaussée des axes dont l’état de praticabilité n’offre plus le confort nécessaire et ne favorise pas une bonne mobilité des usagers. Ainsi, une fois traités, ces axes seront portés au standard du projet asphaltage. 
Un premier lot de ces voies prend en compte les artères ci-après : 
– Ancien Pont - Carrefour SOBEBRA - Carrefour PTT PK3 - Carrefour Le Bélier ; 
– Troisième Pont - Carrefour SOBEBRA ;
– Place du Souvenir - Carrefour 3 Banques ; 
– Carrefour Marché Saint Michel - Carrefour NASUBA-Passage supérieur de --------- 
– Carrefour Notre-Dame ; 
– Carrefour 3 Banques - Carrefour Air Afrique ; 
– Carrefour Air Afrique - Ancien Pont ; 
– Carrefour Cheminot - Passage supérieur de Steinmetz.
Quant au second lot, il comporte les axes ci-après :
Etoile Rouge - Carrefour UNAFRICA - Carrefour Cheminot ;
– Etoile Rouge - Carrefour Marché Saint Michel ;
– Échangeur Godomey - Stade Mathieu KEREKOU - Carrefour Toyota ;
– Carrefour Toyota - Etoile Rouge ;
– Carrefour Toyota - Carrefour Cadjèhoun - Place du Souvenir ;
– Carrefour Douane Aéroport - Place du Souvenir.
Les travaux consisteront en outre à mener une mission d’étude d’état des lieux, de géoréférencement, de cartographie, d’élaboration de dossiers d’appels d’offres, de contrôle et de surveillance des travaux de remplacement ou de remise en état des grilles avaloirs, tampons de regards et dallettes de caniveaux dans les cinq villes du grand Nokoué.
Les ministres concernés veilleront à l’aboutissement des différentes procédures y afférentes ainsi qu’à la bonne qualité des interventions des entreprises sélectionnées.
II-2. Recrutement de cent (100) auditeurs de justice au titre de l’année 2022.
Les besoins en personnel des services judiciaires se justifient par la nécessité d’animer des juridictions nouvellement créées, mais aussi de renforcer les effectifs de celles déjà fonctionnelles, pour plus de célérité et d’efficacité dans le traitement des dossiers. Ce recrutement participe donc de la bonne administration de la justice et de l’amélioration des prestations dans le sens de la satisfaction des justiciables. 
C’est pourquoi, le Conseil a autorisé l’organisation, pour le compte de l’année 2022, d’un recrutement de 100 auditeurs de justice.
II-3. Plafonnement des prix de certains produits de première nécessité.
Avec la flambée des prix des produits de grande consommation en raison des chocs extérieurs, notamment de la guerre en Ukraine, le Gouvernement avait décidé du plafonnement des prix de certains produits tels que l’huile végétale raffinée, la farine de blé, le ciment.
Le compte-rendu de la mise en œuvre de ces mesures indique que les prix de l’huile et de la farine de blé ont été globalement respectés au plan national.
Un retour à la normale n’étant pas perceptible pour le moment à l’international, le Conseil a décidé de la prorogation, sur une période de 4 mois, des mesures ci-après : 
– plafonnement du prix de la farine de blé à 28.500 FCFA le sac de 50 kilogrammes sur toute l’étendue du territoire national ; 
– suspension de la perception de la TVA sur la farine de blé produite localement ;
– dédouanement de la farine de blé importée sur la valeur transactionnelle.
Par ailleurs, le ministre de l’Industrie et du Commerce est instruit à l’effet de reconduire jusqu’au 31 janvier 2023, les dispositions de l’arrêté interministériel du 17 juin 2022 portant fixation des prix de cession du ciment en République du Bénin.
III- RENCONTRES ET MANIFESTATIONS INTERNATIONALES. 
Le Conseil a autorisé la participation du Bénin à : 
la 14ème session de la Conférence des Parties contractantes à la Convention de Ramsar sur les zones humides, du 5 au 13 novembre 2022 à Genève en Suisse ; puis
la 27ème Conférence des Parties (COP 27) à la Convention-cadre des Nations unies sur les Changements Climatiques, à Sharm El Sheikh en Egypte, du 6 au 18 novembre 2022.
IV- MESURES INDIVIDUELLES. 
– Les nominations suivantes ont été prononcées au ministère de l’Agriculture, de l’Elevage et de la Pêche :
– Directeur des Systèmes d’Information : Monsieur -----------------------------------
– Directeur adjoint de la Planification, de l’Administration et des Finances : Monsieur Sètchéton ----------------.
Fait à Cotonou, le 26 octobre 2022,
Le Secrétaire Général du Gouvernement,
-------------OURO.
www.24haubenin.bj ; L'information en temps réel
26 octobre 2022 par ---------------"
F2AZ2PPCRZ,0,"Calendrier complet et groupes du CHAN 2022

La Confédération Africaine de Football (CAF) a rendu public, mardi 25 octobre 2022, le calendrier du Championnat d’Afrique des Nations (CHAN) 2022 prévu pour se dérouler du 13 janvier au 04 février 2023 en Algérie.
Voici le calendrier du Championnat d’Afrique des Nations (CHAN) 2022, une compétition qui réunit les joueurs africains évoluant dans un club de leur pays.
Le CHAN se déroulera du 13 janvier au 04 février 2023 en Algérie.
www.24haubenin.bj ; L'information en temps réel
26 octobre 2022 par -----------"
F3SC5NSJBL,0,"Les dossiers inscrits à la 2è session ordinaire qui s’ouvre jeudi

L’Assemblée nationale, 8è législature, ouvre sa deuxième session ordinaire de l’année 2022, jeudi 27 octobre 2022 au Palais des Gouverneurs à Porto-Novo. Les dossiers à examiner…
Le rapport d’activités du Président de l’Assemblée nationale couvrant la période du 1er avril au 30 septembre 2022 sera présenté aux députés lors de la deuxième session ordinaire de l’Assemblée nationale au titre de l’année 2022 prévue pour s’ouvrir jeudi 27 octobre 2022.
Cette 2è session sera également consacré à l’examen et au vote du projet de loi de finances rectificative pour la gestion 2022, d’un montant de 2.956,661 milliards de FCFA contre 2.541,203 milliards de FCFA initialement prévus, soit une hausse de 16,3% ; du projet de loi de finances pour la gestion 2023, d’une somme de 3.033,337 milliards de francs CFA, aux Projets de loi de règlement définitif du budget de l’État pour la gestion 2018, 2019 et 2020.
La session est donc essentiellement budgétaire.
-----
www.24haubenin.bj ; L'information en temps réel
26 octobre 2022 par -----------"
J9DN7NOYTR,0,"Décès d’un jeune dans une piscine à Hillacondji

Un jeune homme de 32 ans est décédé, dimanche 23 octobre 2022, dans la piscine d’un hôtel de Hillacondji, frontière bénino-togolaise. 
Mort du jeune ---- dans une piscine. Selon les informations de ‘’Le Potentiel’’, il s’est rendu dans un hôtel Hillacondji avec ses amis. Sa mort a été annoncée aux responsables de l’hôtel par ses amis dans la journée du dimanche. Il se serait noyé dans la piscine. Son corps a été déposé dans une morgue à Agblandgandan, arrondissement situé dans la commune de Sèmè-Kpodji. La même source rapporte que les parents proches de la victime ont retrouvé sur le corps des blessures à la nuque, au dos et au niveau des testicules. Les circonstances réelles de sa mort ne sont pas encore connues. L’inhumation est prévue pour jeudi 27 octobre 2022.
A.Ayosso
www.24haubenin.bj ; L'information en temps réel
26 octobre 2022 par --------------"
MX7LCTUQFV,0,"------------- rejoint la FCBE après sa démission chez Les Démocrates

L’ancien ambassadeur du Bénin près la Turquie, ------------- a rejoint le parti Force cauris pour un Bénin émergent (FCBE). Il a informé l’opinion à travers une publication sur sa page Facebook mercredi 26 octobre 2022.
------------- désormais aux couleurs du cauris après sa démission chez Les Démocrates. L’ex ambassadeur du Bénin près la Turquie a annoncé son appartenance à la formation politique de l’opposition ce mercredi 26 octobre 2022. 
En choisissant le parti dirigé par ------------, il dit se conformer à la volonté de ses militantes et militants qui, à 98% ont marqué leur accord pour la FCBE. 
Le choix porté sur ce parti selon l’ex ambassadeur, est un choix judicieux au regard de la stabilité du parti, de la méthode de travail et de la cohérence de son discours politique, depuis qu’elle s’est résolument engagée à se conformer à la nouvelle Charte des partis politiques, le 12 septembre 2019. Convaincu de l’enthousiasme, de la détermination, de la conviction et de la mobilisation de ses militants, ------------- se dit par ailleurs prêt à remporter les prochaines législatives au Bénin. Les cauris fait-il savoir, « ont transcendé le temps et l’espace à cause de leur forte charge spirituelle qui les rend presque immortels »
--------

www.24haubenin.bj ; L'information en temps réel
26 octobre 2022 par --------------------"
QW8ME8M86E,0,"La SIPI-BENIN en campagne contre le cancer du sein

La Société d’Investissement et de Promotion de l’Industrie (SIPI-BENIN) organise du vendredi 28 au samedi 29 octobre 2022, des séances de sensibilisation et de dépistage du cancer du sein. L’information a été rendue publique à travers un communiqué radio . 
Les femmes des villages d’Anavié, d’Agbodjèdo, de Djitin-Aga et de ------ bénéficieront de la campagne qu’organise la société en charge du développement de la Zone Industrielle de Glo-Djigbé-Zè (GDIZ).
Lire le communiqué de la GDIZ
www.24haubenin.bj ; L'information en temps réel
26 octobre 2022 par --------------------"
V6M7VPS4OT,0,"--------------- attendu au sommet de ‘’l’Africa Financial Industry’’

L’hôtel du 2-Février de Lomé, (Togo) va abriter les 28 et 29 novembre 2022, l’Africa Financial Industry Summit. Plusieurs acteurs de la finance dont le ministre d’Etat, --------------- prendront part à l’évènement.
2e édition de l’Africa Financial Industry Summit/AFIS à Lomé, Togo les 28 et 29 novembre 2022. Il s’agit d’une plateforme du secteur privé africain fondée par Jeune Afrique Media Group et l’Africa Ceo Forum. Pour la deuxième édition du sommet, plus de 500 leaders du secteur de l’industrie financière africaine se réuniront pendant deux jours à l’hôtel du 2-Février de Lomé.
Parmi les participants, il y a le ministre d’Etat --------------- chargé de l’Economie et des Finances du Bénin. Il y sera avec plusieurs personnalités telles que ----------------------, ---------- de la BCEAO ; ----------------- , Gouverneur de la Banque de Zambie ; ---------, ministre de l’Economie et des Finances du Togo ; --------------, vice-président régional pour l’Afrique, IFC ; -----------, directeur général d’Ecobank ; --------------------------, directeur général de la BRVM (Bourse d’Abidjan) ; ----------, président de la BOAD ou encore ---------------, président d’Afreximbank. A ce sommet, les acteurs vont débattre des questions relatives à l’industrie financière. L’objectif d’AFIS est de « construire une industrie financière robuste au service de l’économie réelle et du développement durable ».
A.Ayosso
www.24haubenin.bj ; L'information en temps réel
26 octobre 2022 par --------------"
XEG5IXNGXB,0,""" Il faut compter sur ASO Baobab pour la prochaine Ligue Nationale (...)

Imelda WADAGNI rêve grand !

Au terme d’une assemblée générale élective, le dimanche 21 août 2022 à -------, -------------- a été plébiscitée à la tête d’ASO Baobab pour redonner vie au club. Dans un entretien accordé à notre rédaction, elle a abordé les quatre priorités de son programme d’actions et surtout les innovations qu’elle compte apporter pour redorer le blason d’un club qui a fait rêver le Bénin. 
Lors de votre déclaration à la presse après votre brillante élection à la tête d’----------, vous avez promis des changements. Quels sont les axes prioritaires de votre programme d’actions ? 
Déjà il faut que je vous le dise, vous l’ignoriez certainement mais je suis une grande fan de sport, c’est vrai, de tous les sports même. J’ai d’ailleurs pratiqué le tennis et le judo pendant plusieurs années.
C’est avec plaisir que j’ai donc pris les rênes de ce club que j’ai longtemps suivi de loin et qui a fait la fierté de Lokossa ma ville d’origine. Mon équipe et moi comptons faire tous nos efforts pour lui redonner ses lettres de noblesse. Les quatre chantiers prioritaires de notre programme d’actions sont : la création d’une société sportive pour la revitalisation de l’association , cellule de base sans laquelle tout rêve relèverait de l’utopie, la détection active de jeunes pratiquants et leur bonne prise en charge pour assurer la relève à travers un programme tel que Cercle Baobab, la formation continue de cadres techniques, vecteurs de performances et de progrès et la mobilisation des ressources financières suffisantes pour la mise en œuvre effective de nos objectifs ""
La mobilisation des ressources nécessaires suffisantes fait appel à la recherche de partenaires, que faites-vous dans ce sens ?
""Pour dérouler notre programme d’actions, nous aurons besoin de toute nature de ressources. Avec une bonne dose de communication, notre club gagnera en visibilité. Il n’y a rien de plus efficace pour accroitre l’intérêt des sponsors et mécènes à notre égard. Nos plans stratégiques de communication et de marketing sont prêts et certains partenaires ont déjà manifesté leur intérêt à nous accompagner dans nos différentes actions. Nous mettrons à profit les différentes cartes dont nous disposons."" 
Quid de la création de la société sportive pour revitaliser ASO Baobab
""Depuis quelques années déjà et sous l’impulsion du Ministère des Sports, la professionnalisation du sport gagne du terrain dans presque toutes les disciplines. C’est l’occasion de féliciter á nouveau le ----------------------------- --------------- pour son implication personnelle dans le développement du Handball au Bénin et le remercions de son soutien permanent. Nous ne devons pas rester en marge de ce progrès. Et déjà des pistes ont été explorées. Nous sommes bien coachés dans ce sens. Dans les prochaines semaines, vous en saurez davantage.""
– 
Sur le plan de la détection, quel est le plan de route ?
""La détection des talents est un aspect qui préoccupe mon équipe et moi. Sans talents, nous n’aurons pas une équipe compétitive capable de réaliser de grandes performances. C’est dans cette logique que nous lancerons dans les jours à venir, un appel à candidature pour recruter un directeur sportif capable de nous dénicher les perles rares. Nous rêvons grand. Et il va falloir compter sur ASO Baobab pour le titre la saison prochaine en Ligue Nationale Professionnelle. Nous avons déjà ciblé certains joueurs que nous continuerons à suivre jusqu’au prochain marché des transferts. Notre équipe de jeunes participe au championnat de catégorie d’âge et nous avons déjà l’œil sur certains éléments qui se démarquent. Ceci dans l’idée qu’ils renforcent l’équipe première. Lors des playoffs de la Moov Africa Ligue Pro, avec l’aide de nos techniciens qui seront sur place, nous allons cibler de nouveaux bons joueurs.""
Le projet ""Cercle Baobab"", comment comptez-vous le ressusciter ? 
""C’est un programme à travers lequel des talents seront aussi dénichés et révélés. Les aînés nous ont parlé de cet incroyable projet qui a disparu au fil des années. Comptez sur la dynamique de l’équipe que j’ai autour de moi pour faire renaître ""Cercle Baobab"". Nous travaillerons en synergie avec les anciens dirigeants et joueurs du club pour voir dans quelle mesure adapter le projet aux nouvelles réalités du terrain. Nous formerons également des cadres dans ce sens. Nous comptons aussi sur toutes les bonnes volontés qui souhaitent accompagner le club. ""
Votre mot pour conclure
""Je vous remercie pour cette opportunité de m’exprimer. ASO Baobab fera tout son effort pour suivre le rythme du développement du handball béninois.""
www.24haubenin.bj ; L'information en temps réel
26 octobre 2022 par ---------------"
YGO5BI6CBL,0,"Voici les compétences et attribution de la cour des affaires foncières

La loi portant création, organisation et fonctionnement de la Cour spéciale des affaires foncières, votée le 4 octobre dernier à l’Assemblée nationale, a été promulguée par le -------------------------- ------------- le 19 octobre 2022.
La loi N°2022-16 du 19 octobre 2022 portant création, organisation et fonctionnement de la Cour spéciale des affaires foncières a été promulguée par le Chef de l’Etat.
Juridiction spécialisée, la Cour spéciale des affaires foncières est habilitée à connaître des actions immobilières ; des actions relatives à l’expropriation pour cause d’utilité publique. « Toutefois, le contentieux des actes administratifs relatifs au foncier reste de la compétence du juge administratif », stipule l’article 3 alinéa 2 de la Loi 2022 portant création, organisation et fonctionnement de la Cour spéciale des affaires foncières.
La Cour spéciale des affaires foncières est dotée d’une Chambre des Appels ; une chambre de première instance ; un parquet et un greffe.
Le parquet de la Cour de Répression des Infractions Economiques et du Terrorisme (Criet) exerce les fonctions de Ministère public auprès de la Cour spéciale des affaires foncières, selon la Loi N°2022-16 du 19 octobre 2022.
Selon l’article 22 de la loi portant création, organisation et fonctionnement de la Cour spéciale des affaires foncières, les procédures du ressort des communes d’Abomey-Calavi, d’Allada, de Cotonou, de Ouidah, de Porto-Novo, de Sèmè-Podji et de ------------ sont transférées à la Cour spéciale des affaires foncières dès l’installation de ladite juridiction sauf si celles-ci sont en délibéré.
-----
www.24haubenin.bj ; L'information en temps réel
26 octobre 2022 par ---------------"
Z11LKAFRMI,0,"IRGIB AFRICA organise des journées portes ouvertes à Cotonou et à (...)

Afin de mieux se faire connaître, IRGIB AFRICA organise les 05 et 12 novembre 2022 à Cotonou et à Parakou, des journées portes ouvertes. Les nouveaux étudiants seront immatriculés au cours de ces journées. 
Le 05 novembre 2022, IRGIB AFRICA ouvre ses portes au public de Cotonou et environs. Une journée portes ouvertes sera organisée à Akpakpa (Unicomer) en face du stade René PLEVEN de 08h30 à 17h. Les offres de formation de l’Université ouest-africaine d’ingénierie seront exposées au public. 
Après l’étape de Cotonou, une autre journée portes ouvertes sera organisée le 12 novembre 2022 à Parakou (Centre d’Application) situé à Gbira, site de l’ancien tribunal de 08h 30 à 17h. 
Au cours des journées portes ouvertes qui seront diffusées en direct sur la page Facebook de IRGIB AFRICA, les nouveaux étudiants seront immatriculés.
www.24haubenin.bj ; L'information en temps réel
26 octobre 2022 par --------------------"
44GQNQFSOR,0,"LOC ONG s’enquiert des expériences de l’ALCRER

:
Sans relâche, l’ONG L’Œil Citoyen œuvre pour la bonne gouvernance et le mieux-être des populations. Résolument engagée dans cette dynamique instaurée officiellement depuis le 1er mai 2021, l’ONG a entrepris des initiatives d’acquisition d’expériences. À cet effet, des prises de contact avec des Organisations Non Gouvernementales s’inscrivant dans la même lutte patriotique sont organisées. Ce lundi 24 octobre 2022, le président ---------------- et le Secrétaire Général Ricardo GUINLIN ont été accueillis au siège de l’ONG ALCRER par le --------------------------- et son Chargé de Programme, ------------.
""Nous sommes venus vous présenter ce que nous faisons pour que vous partagiez vos expériences avec nous. Aussi, voudrions-nous vous demander, vu le nombre d’années que vous avez déjà fait dans le domaine, de nous donner des orientations pour atteindre nos objectifs"", a d’abord signifié le ------------ L’Œil Citoyen ONG (LOC), ----------------. Prenant la parole, le Premier Responsable de l’ONG ALCRER a souhaité mieux connaître LOC. ""Que faites-vous concrètement ? Quels sont vos moyens ?"", a-t-il demandé.
À ces questions, le président ATINKPATO fait la genèse de LOC. Explicitement, il a exposé les motivations sous-tendant la mise sur les fonts baptismaux de l’ONG. Aussi, a-t-il présenté les moyens et canaux par lesquels ils accomplissent les obligations.
Dans ses explications, le président ATINKPATO, déclare que ""LOC poursuit devant la cour de Répression des infractions économiques et du terrorisme ( CRIET) des élus et cadres impliqués dans des dossiers de mal gouvernance et de corruption""
À l’endroit des citoyens, des sensibilisations sur leurs droits et devoirs dans la gestion publique, se font régulièrement. ""Et aujourd’hui comparativement à ce qui s’observait par le passé, les populations ont désormais plus de facilité et d’engouement à dénoncer des actes contraires à l’éthique et à la bonne gouvernance. Et ce n’est pas fini ! les autorités locales ont désormais de crainte à la chose publique, rassure le Président ----------------.
Très satisfait de ces explications logiques au combat de lutte pour la bonne gouvernance et le mieux-être des citoyens, le président d’ALCRER ONG a prodigué de sages conseils aux émissaires de L’Œil Citoyen. ""Vous devez avoir l’esprit de discernement, l’audace et la détermination. Engagez-vous sans cesse"", a-t-il recommandé avant de signifier ""les gens ne vous accompagneront que sur la base de ce que vous faites"". ""C’est fastidieux, mais c’est beau quand on aime ce qu’on fait"", ajoutera le président --------------. Abordant dans la même dynamique que le président, le -------------------, ------------ a partagé les expériences de nombreux mécanismes efficaces instaurés par ------ pour faire impliquer les citoyens dans la gestion publique.
www.24haubenin.bj ; L'information en temps réel
25 octobre 2022 par ---------------"
4B07FG3V6X,0,"L’enseignant AME placé sous surveillance judiciaire

L’Aspirant au Métier d’Enseignant (AME) de l’Ecole Primaire Publique de Goro sise dans la commune de Tchaourou, poursuivi sans mandat de dépôt pour des châtiments corporels sur l’un de ses écoliers a été présenté au Procureur de la République près le Tribunal de 1ère Instance de Parakou lundi 24 octobre 2022. Il a été placé sous surveillance judiciaire à l’issue de sa présentation.
L’instituteur ------------------------------- (AME) de l’Ecole Primaire Publique de Goro sise dans la commune de Tchaourou qui a donné des fessées à l’un de ses apprenants en situation de classe a été présenté au Procureur de la République près le Tribunal de 1ère Instance de Parakou lundi 24 octobre 2022. 
Poursuivi sans mandat de dépôt, l’enseignant a été placé sous surveillance judiciaire à l’issue de sa présentation. L’audience est prévue pour le 15 novembre 2022.
L’instituteur est poursuivi sur plainte des parents de l’écolier qui a été fessé. les coups administrés par l’enseignant a laissé des séquelles sur les fesses.
-----
www.24haubenin.bj ; L'information en temps réel
25 octobre 2022 par ---------------"
5I3R4DCX9Z,0,"Tout se met en place pour le gala du Top 100 des entreprises du (...)

Le cabinet Eco Finance Entreprises organise le 05 novembre à Cotonou, le Gala du Top 100 des entreprises les plus dynamiques du Bénin. En prélude à cette prestigieuse cérémonie de distinction des entreprises, -------------------- a évoqué sur le plateau de la télévision nationale les grandes attentes de cette soirée de gala.

www.24haubenin.bj ; L'information en temps réel
25 octobre 2022 par ---------------"
9DM3PPD4HF,1,"Des réflexions à Cotonou pour la résilience des programmes d’alimentation (...)

Le Ministre d’État chargé du Développement et de la Coordination de l’action gouvernementale, -------------------- a procédé ce lundi 24 octobre 2022 au lancement des travaux de la 23ème édition du Forum Mondial sur la Nutrition de l’Enfant au Palais des Congrès à Cotonou. La cérémonie a réuni des représentants de gouvernements, d’institutions universitaires, des ONG, et des organisations multilatérales. 
Co-organisé par l’ONG Global Child Nutrition Forum (GCNF), le Gouvernement du Bénin avec l’appui du Programme Alimentaire Mondial (PAM) et du Catholic Relief Services (CRS), le forum sur la nutrition de l’enfant est placé sous le thème : « Convergence des forces pour une résilience et une durabilité des Programmes d’Alimentation Scolaire dans le monde ».
L’objectif de ce forum est de réfléchir sur les moyens permettant « de soutenir l’élaboration et la mise en œuvre des programmes d’alimentation durables en lien avec les objectifs nationaux et internationaux en matière d’éducation, d’agriculture, d’économie ».
« Notre pays le Bénin, grâce à la vision et au leadership du -----------------------, homme de défis, d’engagement et de développement, vit une merveilleuse expérience depuis l’année scolaire 2016-2017 à travers un Programme d’Alimentation Scolaire Intégré PNASI », a déclaré le ministre des Enseignements Maternel et --------, ----------------. Il est certain « que le Bénin tirera le meilleur des différents panels prévus lors de ce forum mondial pour enrichir son expérience et la rendre davantage efficace et surtout efficiente ».

Dans son discours de lancement, le ministre d’État -------------------- s’est réjoui de la mise en œuvre du Programme d’Alimentation Scolaire Intégré (PNASI) et de son impact économique sur la production agricole locale. « Offrir un repas chaud à un enfant à l’école ne relève ni d’un luxe, ni d’un gaspillage de ressource mais d’une nécessité et d’un investissement effectué pour promouvoir le développement du capital humain. C’est pourquoi depuis 2016, le gouvernement a initié le PNASI », a ajouté le ministre d’État.
------------- n’a pas manqué de remercier tous les partenaires qui accompagnent le Bénin dans cette dynamique. Le ministre d’Etat a réaffirmé l’engagement du gouvernement du Bénin « à poursuivre dans la détermination des stratégies innovantes en faveur du renforcement des dispositifs déjà mis en place dans le cadre de la mise en œuvre du Programme d’Alimentation Scolaire Intégré (PNASI) ».
Il est prévu tout au long de ce forum, des séances plénières, des panels de discussion, des visites d’écoles à cantines etc.
Les travaux prennent fin le 27 octobre 2022.
A.Ayosso
www.24haubenin.bj ; L'information en temps réel
25 octobre 2022 par --------------"
F5G76086P5,0,"La Fondation Claudine Talon récompense les meilleurs élèves BEPC et BAC (...)

La Fondation Claudine Talon a récompensé au titre de l’année 2021-2022, les meilleurs élèves au Brevet d’Études du Premier Cycle (BEPC) et au Baccalauréat (BAC). 
Promotion de l’excellence en milieu scolaire. Dans le cadre de son projet Excellence en milieu scolaire, la Fondation Claudine Talon a offert pour l’année scolaire 2021-2022, un ordinateur portable aux 50 bacheliers ayant obtenu une moyenne supérieure ou égale à 17/20 et une tablette numérique pour chacun des 100 meilleurs admis au BEPC.
La Fondation -------------- a félicité les lauréats pour leurs brillants résultats. A travers le projet Excellence en milieu scolaire, la Fondation Claudine Talon vise à promouvoir, valoriser et célébrer l’excellence en milieu scolaire ; à susciter l’effort ; à créer une dynamique de saine émulation aussi bien chez l’élève et sa famille, que chez les enseignants qui les forment.
A.Ayosso
www.24haubenin.bj ; L'information en temps réel
25 octobre 2022 par --------------"
IAQF2S8B29,0,"Le visa de 30 jours interdit à 20 pays dont le Bénin

Vingt (20) pays dont le Bénin figure parmi les pays africains qui ne pourront plus obtenir le visa de 30 jours pour se rendre à Dubaï (Émirats arabes unis) 
Interdiction de visa imposée à 20 pays africains souhaitant se rendre à Dubaï. La décision a été prise par les autorités des Émirats arabes unis (EAU). En dehors du Bénin, les pays frappés par cette mesure sont le Ghana, la Sierra Leone, le Soudan, le Cameroun, le Nigéria, le Libéria, le Burundi, la République de Guinée, la Gambie, le Togo, la République démocratique du Congo, le Sénégal, la Côte d’Ivoire, le Congo, le Rwanda, le Burkina Faso, la Guinée Bissau, les Comores et la République dominicaine.
Les demandes de visa de 30 jours provenant de ces pays seront tout simplement rejetées. Les autorités de Dubaï n’ont pas justifié cette décision.
---------
www.24haubenin.bj ; L'information en temps réel
25 octobre 2022 par --------------"
MNUMPAWOWK,0,"Deux frères en prison pour cambriolage à Ouèdo

----------- et -------, deux frères présumés cambrioleurs dans les arrondissements de Ouèdo et Hevié, commune d’Abomey-Calavi ont été déposés en prison.
Deux frères ont cambriolé une maison sise à Hêvié, commune d’Abomey-Calavi le 17 octobre 2022. L’un des frères, -----------, a été arrêté par les agents de police du commissariat de Hêvié. ----------- a été présenté au procureur de la République qui ordonna son placement sous mandat de dépôt.
Le second frère, ------- a été appréhendé par les agents de police de l’unité de Ouèdo. A la suite de sa présentation au procureur, lundi 24 octobre 2022, ------ a été également déposé en prison.
Les frères ----------- et ------- sont poursuivis pour cambriolage. Selon les faits, le mode opératoire des deux frères présumés cambrioleurs consiste à vider les boutiques des arrondissements de Ouèdo et Hevié de leur contenu.
-------www.24haubenin.bj ; L'information en temps réel
25 octobre 2022 par -----------"
OX6EYXFICU,0,"Le ministre des Affaires étrangères turc jeudi à Cotonou

Le ministre des Affaires étrangères turc, ----------------, est en visite au Bénin jeudi 27 octobre 2022.
Des réunions bilatérales sont au programme de la visite du ministre des Affaires étrangères turc, ----------------, qui est attendu à Cotonou ce jeudi 27 octobre 2022.
Une visite qui témoigne de la vitalité des relations de coopération entre le Bénin et la Turquie.
Avant l’étape de Cotonou, Mevlüt Çavuşoğlu s’est rendu au Sénégal dans le cadre la 8ème édition du Forum international de Dakar sur la Paix et la Sécurité en Afrique ouvert lundi 25 octobre 2022.
A Dakar, le chef de la diplomatie turque prononcera un discours lors de la plénière intitulée Crises mondiales et Souveraineté en Afrique.
Signature de protocole d’accord de partenariat entre le Forum d’Antalya sur la Diplomatie et le Forum de Dakar, et réunions bilatérales sont également au programme de la visite.
-----
www.24haubenin.bj ; L'information en temps réel
25 octobre 2022 par -----------"
PX6NYSUZRF,0,"La SIPI-BENIN fait don de kits scolaires aux élèves de Tangbo

La Société des Investissements et de Promotion de l’Industrie (SIPI-BENIN) a fait don mardi 25 octobre 2022, de kits scolaires aux élèves de l’arrondissement de Tangbo, dans la commune de Zè. La cérémonie de remise officielle de kits a été marquée par la présence du directeur général de la SIPI-BENIN, Béhéton LETONDJI, du maire de la commune de Zè, Moussa AMADE, du chef de l’arrondissement de Tangbo, ---------------, des enseignants et élèves.

Au-delà de sa mission d’aménagement, de promotion et d’exploitation de la Zone Industrielle de Glo-Djigbé-Zè, la SIPI-BENIN fait des actions sociales au profit des populations de Tangbo, arrondissement qui abrite la GDIZ. 2800 kits scolaires ont été distribués aux élèves ce mardi 25 octobre 2022. Pour réaliser cette action, la SIPI-BENIN soutenue par ses partenaires, a décaissé une somme de 10 millions FCFA. 
Au nom des directeurs des écoles bénéficiaires, le directeur de l’EPP d’Agbodjèdo a exprimé ses remerciements à la SIPI-BENIN. Les kits offerts selon -------------------, viennent à point nommé car, 06 semaines de cours après la rentrée scolaire, nombreux sont ces enfants qui manquent encore du nécessaire pour suivre les cours. Profitant de l’occasion, il a évoqué quelques doléances relatives à la clôture de l’EPP d’Agbodjèdo, le bloc de latrines, de cuisine, etc. 
Le don de kits scolaires selon le maire de la commune de Zè, est un geste salutaire qui contribuera à l’amélioration des résultats scolaires et au taux de scolarisation dans l’arrondissement de Tangbo. Au nom de tout le conseil communal, Moussa AMADE a exprimé sa gratitude à la SIPI-BENIN et à ses partenaires. L’autorité communale a pour finir, invité les bénéficiaires à faire un bon usage du don qui leur est fait. 
« La SIPI-BENIN dans son élan de solidarité ne cesse de combler un vide en ce temps de conjoncture que connait les parents », a confié ----------, porte-parole des élèves. C’est la 2e fois de suite que la société offre des kits aux apprenants afin de leur permettre de bien travailler en classe, a-t-elle témoigné exprimant sa reconnaissance et celle de ses camarades. ---------- a souhaité que l’aventure qui vient de commencer se poursuive pour des gestes encore plus grands.

L’éducation des enfants, une priorité pour la SIPI-BENIN 
« L’éducation de nos enfants représente pour SIPI-BENIN S.A, une priorité car c’est au cours de la petite enfance et de l’enseignement primaire que les enfants acquièrent les compétences fondamentales pour leur avenir », a souligné le directeur général de la SIPI-BENIN. La cérémonie de remise de kits s’inscrit dans la droite ligne de la volonté de la société dont il a la charge, de participer au développement des communautés béninoises en étant à leurs côtés, et spécialement pendant cette reprise scolaire, a-t-il ajouté après une brève présentation de la GDIZ, et du bilan après un an d’exploitation. 
Béhéton LETONDJI a par ailleurs invité les parents à rester à l’écoute de leurs enfants et à les accompagner dans leur apprentissage afin qu’ils puissent réussir leurs études et participer au rayonnement du Bénin. 
Après avoir formulé le vœu d’une « brillante année scolaire pleine de réussite » aux apprenants, il les a exhortés à la sagesse, au travail et à l’assiduité afin de réussir leurs études scolaires. 
Les écoles primaires publiques de Anavié, Agbodjèdo, Djitin-Aga, de Houézè, et le CEG de Tangbo sont les établissements qui ont bénéficié des kits cette année. 2800 kits ont été distribués contre 1400 l’an dernier.
-------- 
Quelques images 
www.24haubenin.bj ; L'information en temps réel
25 octobre 2022 par --------------------"
Q55NNO1GUJ,0,"Des perturbations sur Whatsapp ce mardi

Difficile aux utilisateurs du réseau social WhatsApp de communiquer depuis la matinée de ce mardi 25 octobre 2022. 
Les utilisateurs de WhatsApp rencontrent des problèmes pour envoyer des messages et pour se connecter à l’application aussi bien sur la version mobile que sur la version web. Tel a été le cas au Bénin.
La source et la nature du disfonctionnement ne sont pas encore connues. Mais la panne a été signalée par des utilisateurs en Turquie, au Kenya, en Inde.
Facebook, l’autre réseau du groupe Meta, fonctionne normalement.
« Nous travaillons afin que WhatsApp puisse refonctionner pour tout le monde aussi vite que possible », a rassuré le groupe Meta.
WhatsApp est une application mobile multiplateforme qui fournit un système de messagerie instantanée chiffrée de bout en bout aussi bien via les réseaux de téléphonie mobiles que par Internet. L’application est créée en 2009.
-----
www.24haubenin.bj ; L'information en temps réel
25 octobre 2022 par -----------"
WHSX05XOMJ,1,"103500 doses de vaccin contre la rage réceptionnées

Le ministre de l’agriculture, de l’élevage et de la pêche, ----------------- a réceptionné dimanche 23 octobre 2022 à l’aéroport international Cardinal Bernardin Gantin de Cotonou, 103500 doses de vaccin contre la rage. La réception de cette quantité de vaccin permettra d’assurer la prochaine campagne de vaccination antirabique.
Plus de soucis pour le déroulement de la prochaine campagne de vaccination contre la rage au Bénin. Le ministre de l’agriculture, de l’élevage et de la pêche a réceptionné dimanche 23 octobre 2022, 103500 doses de vaccin. A travers la réception de cette quantité de vaccin, ----------------- entend « faire une campagne de masse de vaccination des chiens, des chats et des singes ». Le colis réceptionné fait-il savoir, va permettre de « couvrir suffisamment toutes les régions du pays et ce, pendant au moins 03 ans ». En prélude à la campagne de vaccination qui démarre bientôt, il a invité les acteurs de la chaîne de vaccination à se tenir prêts. 
La réception des 103500 doses de vaccin s’inscrit dans le cadre de la campagne zéro cas de rage sur le territoire béninois d’ici 2030.
--------
www.24haubenin.bj ; L'information en temps réel
25 octobre 2022 par --------------------"
ZT9RHGYA4Z,0,"TARéS & TERREUR - 24 Heures au Bénin

Oncle AGBAYA
On vous l’avait bien dit, mon ----------- dirige un pays de pagailleurs avec des pagailleurs partout ! Sinon que le traitement des informations relatives aux agitations terroristes dans une partie du Septentrion du pays, requiert beaucoup plus de sérieux que ce dont sont capables certains de mes petits neveux écrivaillons-wazapou, qui à l’insu de leur plein gré, jouent de plus en plus aux attachés de presse ou chef c-com des petits voyous et vieux trafiquants enturbannées, qui ils affublent généreusement de l’adjectif ""djihadistes"".
Un élève taré et plaisantin n’ayant pas fait ses devoirs de maison a-t-il eu l’idée de coller sur le mur de l’école, à l’aide d’un bout d’akassa, une affiche au vocabulaire et orthographe d’âne, destinée à terroriser maitres, maitresses et tous ses camarades, pour qu’il n’y ait pas classe ? Voilà mes petits Neveux "" journalistes-wazapou"" en prendre la photo pour abondamment illustrer quelques laborieuses colonnes de charabias sur"" la menace djihadiste"", si ce n’est pas tout un mauvais papier de stagiaire sur une balle perdue de ""djihadistes’ qui aurait blessé un bœuf ...
Mais vous mes Neveux et ------ qui commencez à rappeler à tue-tête les prérogatives de la CRIET et la HAAC, vous êtes tous des pagailleurs ...
Votre Oncle AGBAYA
www.24haubenin.bj ; L'information en temps réel
25 octobre 2022 par ---------------"
0SQ8QV28UB,0,"Missions de l’Agence de recouvrement des avoirs confisqués et (...)

Il est créé en République du Bénin un établissement public à caractère social dénommé « Agence nationale de Recouvrement des Avoirs confisqués et saisis ». Voici les missions et attributions de l’Agence mis en place par décret à l’issue du Conseil des ministres du 12 octobre 2022.
Placée sous la tutelle du ministère en charge de la justice, l’« Agence nationale de Recouvrement des Avoirs confisqués et saisis » est administrée par un Conseil d’Administration de cinq (05) membres. Il s’agit du ministre chargé de la Justice ou son représentant ; du ministre chargé des Finances ou son représentant ; d’un représentant de la Présidence de la République ; d’un représentant de la Caisse des Dépôts et Consignations et de l’Agent Judiciaire du Trésor.
L’Agence nationale de Recouvrement des Avoirs confisqués et saisis a pour mission « d’assurer, sur l’ensemble du territoire national et sur mandat de justice, le recouvrement de tous avoirs, quelle que soit leur nature, saisis, confisqués ou faisant l’objet d’une mesure conservatoire dans le cadre d’une procédure pénale, qui lui sont confiés et nécessitant pour leur conservation ou leur valorisation, des actes d’administration ou d’aliénation. Elle est également compétente pour le recouvrement de tous biens criminels saisis ou confisqués en exécution de décisions judiciaires consécutives à toute procédure pénale relative aux affaires de blanchiment de capitaux, de financement du terrorisme et de prolifération des armes de destruction massive ».
Selon l’article 5 du décret N°2022-563 du 12 octobre 2022, l’Agence nationale de Recouvrement des Avoirs confisqués et saisis est chargée de : « aliéner des biens saisis sur autorisation du parquet, des juges d’instruction ou des juges de jugement ; procéder sur autorisation judiciaire valant main levée, à la restitution des biens saisis, confisqués ou ayant fait l’objet d’une mesure conservatoire ; assurer la coordination de exécution des jugements et arrêts emportant confiscation spéciale des biens et la fourniture, à la demande du parquet’ d’une assistance en ce qui concerne les dossiers y afférents ; fournir des informations thématiques d’ordre général ou opérationnel aux parquets, juges d’instruction et aux services de police judiciaire ;fournir une assistance dans le cadre de l’entraide judiciaire internationale concernant les saisies, les confiscations et les gels ; assurer l’assistance et l’entraide judiciaires en matière de saisie des avoirs criminels ; détecter ou dépister, identifier et estimer les biens devant faire l’objet de saisie, de confiscation ou de gel et en informer les autorités judiciaires ; donner des avis sur la règlementation à élaborer et la gestion des biens en matière de saisies, de confiscations, de gels et de recouvrements ; exécuter les jugements de condamnation emportant confiscation spéciale des biens se trouvant hors du territoire national ;indemniser les victimes ;faire des publications au livre foncier des saisies immobilières pénales ».
-----
www.24haubenin.bj ; L'information en temps réel
24 octobre 2022 par -----------"
2WS6HHZ848,0,"Le RLC de Iréné AGOSSA va s’allier avec les FCBE

Le parti Restaurer la confiance (RLC) va s’allier à la Force cauris pour un Bénin émergent (FCBE) pour participer aux législatives de janvier 2023. Le président Iréné AGOSSA l’a annoncé dimanche 23 octobre 2022 au cours de l’émission ‘’Cartes sur table’’ de Océan FM.
Restaurer la confiance comme plusieurs autres formations politiques au Bénin s’activent pour la participation aux législatives de janvier 2023 au Bénin. Pour y parvenir, ----- 
AGOSSA et les siens ont trouvé la formule d’une ‘’démission collective’’. Il n’y aura pas de fusion, mais les militants et les responsables vont tous démissionner pour rejoindre la FCBE le temps des législatives. L’annonce a été faite dimanche 23 octobre au cours de l’émission ‘’Cartes sur tables’’ de Océan FM. 
Suivant les explications de Iréné AGOSSA, les lettres de démission sont déjà prêtes, et les militants aussi bien que les responsables n’attendent que la confession des listes de candidatures pour confirmer leurs démissions. Le RLC selon son président, n’a exigé que la tête de liste dans trois circonscriptions électorales. Le parti exige également que son président soit positionné tête de liste dans la 6e circonscription électorale. Une exigence mal vue par les responsables FCBE. 
Si la FCBE ne satisfait pas ces exigences de RLC, le parti selon son président pourra se présenter seul aux élections. 
Pour Iréné AGOSSA, les deux partis n’ont pas fait l’option de la fusion. Etant de l’opposition, ils ne sont pas sûrs d’avoir le récépissé d’existence légale d’un nouveau parti issu de leur fusion, avant les législatives. D’où la solution palliative d’aller aux élections ensemble, et de la nécessité de fédérer les forces, au risque de se faire écraser.
--------
www.24haubenin.bj ; L'information en temps réel
24 octobre 2022 par ---------------"
3IJ2EKOEU0,0,"Attention ! L’eau des climatiseurs ne guérit pas l’asthme, elle est (...)

De bouches à oreilles, par les réseaux sociaux, il est distillé dans l’opinion publique que l’eau qui coule des climatiseurs serait un remède efficace contre l’asthme. Une assertion totalement fausse selon les professionnels du froid et les médecins. A contrario, préviennent les spécialistes, l’eau des climatiseurs contient des déchets et expose à d’autres maladies.
‘’Je me rappelle comme si c’était hier. Je suis entré dans ce bureau de service public et je vois des agents qui consommaient cette eau à ma grande stupéfaction’’, raconte ------------. « J’ai été plus effrayé quand ils m’ont dit que cette eau était leur ‘’sauveur’’ parce que cela leur permettait de faire face aux difficultés de l’asthme. J’avoue que cela m’a paru bizarre mais je ne savais pas quoi dire. J’ai juste demandé le service qui m’avait amené et je suis reparti », ajoute-t-il. Tout comme ces agents, nombreux sont ceux qui ‘’croient’’ au miracle de l’eau des climatiseurs. ----------, jeune fille souffrant de l’asthme y a cru aussi. ‘’Moi j’ai tellement bu cette eau mais je n’ai eu aucune satisfaction. C’est du pur mensonge cette affaire’’, précise-t-elle. 
Aussi l’avis des spécialistes sur ce supposé remède relayé dans l’opinion publique révèle autres réalités. -----------------------, ---------------Association Nationale de Froid et de Climatisation du Bénin (ANFCB) explique comment cette eau s’obtient. « L’eau qui sort des climatiseurs c’est de l’eau de condensation. C’est l’eau que la surface froide de la batterie du climatiseur a récupéré de la vapeur d’eau car il y a de l’humidité dans l’air que nous respirons sous forme de vapeur. Lorsque cette vapeur vient sur la surface froide sous l’effet du ventilateur, l’humidité qu’il y a dans l’air est immédiatement condensée, c’est-à-dire qu’elle devient liquide. C’est ce qu’on draine vers l’extérieur par des tuyaux. »
Sur la qualité de cette, le spécialiste du froid est clair : « Cette eau est donc sale car cela nettoie la surface de la batterie chargé de la poussière et des gaz incondensables qui est dans l’air. Autrement dit, tout déchet polluant en suspension dans l’air y compris les carbones des gaz d’échappement se dépose dans cette eau. » 
De même, poursuit le Président de l’Association Nationale de Froid et de Climatisation du Bénin (ANFCB), « la preuve est que quand on laisse un climatiseur à l’arrêt pendant longtemps, l’eau s’évapore et laisse dans le bocal la poussière sous forme de boue endurcie. » 
Pour lui, s’imaginer qu’une telle eau peut avoir une vertu thérapeutique est incompréhensible. « Comment peut-on alors s’imaginer que boire une telle eau peut guérir une maladie ?, s’interroge-t-il.
Pas de preuves scientifiques
 Cette affirmation n’a aucun fondement scientifique. C’est-à-dire qu’il n’y a eu aucune étude pour le prouver. « Je ne connais aucun patient asthmatique qui aurait utilisé cette eau et qui serait guéri. Mais une chose est sûre, l’asthme est une maladie chronique dont on ne guérit pas. » a répondu, -----------------, médecin généraliste interrogé à propos des supposées qualités pharmaceutiques de l’eau coulée des climatiseurs.
Quand on s’expose aux maladies
Autant qu’elle ne peut soigner l’asthme, les spécialistes s’accordent à dire que l’eau qui coule des climatiseurs ne peut rien guérir. Selon -----------------------, « c’est une eau salle qui est seulement bonne à jeter. A la rigueur, cela peut servir d’arroser les fleurs. Ce n’est même pas conseillé d’en donner aux animaux, même pas pour laver quelque chose. » A ce sujet, déconseille le président de l’association des professionnels du froid au Bénin. « Il ne faut jamais laisser quelqu’un boire cette eau. Celui qui consomme cette eau s’expose à toutes les maladies. La diarrhée, la toux… », s’indigne-t-il. D’après l’homme du froid, « quand les climatiseurs ne sont pas entretenus, ils développent un germe appelé la légionnelle qui nait dans l’espace humide et froid des climatiseurs mal entretenus et qui donne la légionellose. C’est un mal qui n’a pas de médicaments. Et ça tue. C’est d’ailleurs la raison pour laquelle il est conseillé d’entretenir périodiquement les climatiseurs qui sont régulièrement utilisés. C’est donc une maladie que celui qui consomme cette eau peut attraper ». 
« Imaginez qu’un cafard ou un gecko est mort dans le climatiseur et tout ça a été décomposé dans cette eau…vous voyez le nombre de microbes que cette eau peut contenir ? Il faut formellement interdit la consommation de cette eau et informer les gens que c’est une eau très contaminée. », conclut-il.
C’est quoi l’asthme et comment peut-on le traiter ? Des recherches sur des sites qui traitent de question de santé (Qare et santé magazine par exemple) et des avis de médecins ont permis de mieux connaître la maladie et aussi de savoir comment s’y prendre pour vivre avec sans trop de crises.
L’asthme est une maladie inflammatoire chronique des bronches caractérisée par l’inflammation, le rétrécissement, la contraction des voies respiratoires et la production d’un excès de mucus, rendant la respiration difficile chez un sujet selon -----------------. Il se manifeste par : 
●
des crises d’essoufflement, une toux, une respiration sifflante 
●
une gêne respiratoire permanente.
L’asthme n’a pas une cause unique. « On a un ensemble de facteurs génétiques et environnementaux qui interviennent dans la genèse de l’asthme. Ainsi, différents facteurs peuvent déclencher les crises chez les asthmatiques. », précise -----------------. On peut lire sur le site santé magazine que l’asthme provient donc de l’association :
●
d’une prédisposition génétique à l’allergie. Bien que l’on retrouve souvent une prédisposition familiale à la survenue d’un asthme, sa transmission des parents à leurs enfants n’est pas systématique
●
de facteurs environnementaux favorisants, comme les pollens, les acariens, les squames et poils d’animaux, les blattes, les moisissures, etc.
●
les infections et irritants respiratoires comme la fumée de tabac, pollution de l’air, l’air froid, l’exercice physique, certains médicaments anti inflammatoires sont autant de facteurs déclenchants de l’asthme.
Les symptômes peuvent être déclenchés ou aggravés par le rhume, la grippe, la pollution, la fumée de cigarette, les parfums, les solvants, l’air froid, ou la pratique d’un sport. Le symptôme de l’asthme le plus fréquent est la crise d’essoufflement aiguë. Mais l’asthme peut également se traduire par :
●
une sensation d’oppression au niveau de la cage thoracique, 
●
une difficulté à respirer profondément, une respiration sifflante, 
●
un essoufflement à l’effort ou une toux qui ne passe pas.
La sévérité de l’asthme est très différente d’une personne à une autre. On définit quatre stades d’asthme, en fonction de la fréquence des symptômes et de la valeur des mesures du souffle.
●
l’asthme est dit « intermittent » ou stade 1, quand le sujet a moins d’une crise d’asthme par semaine (crises brèves et absence de symptômes entre les crises). 
●
l’asthme est dit « persistant léger » ou stade 2, lorsque l’asthmatique a plusieurs crises d’asthme par semaine (mais pas plusieurs par jour) et si les crises peuvent perturber l’activité physique et le sommeil. 
●
l’asthme est dit « persistant modéré » ou stade 3, quand le patient a au moins un symptôme d’asthme par jour ou des réveils la nuit assez fréquente (au moins une fois par semaine), si l’usage des bronchodilatateurs d’action rapide (traitement de crise) est quotidien ou si les crises affectent la qualité de vie. 
●
l’asthme est dit « persistant sévère » ou stade 4 si les symptômes sont fréquents ou permanents, les crises fréquentes, l’activité physique limitée, les réveils nocturnes habituels affectant ainsi la qualité de vie.
On distingue deux types de traitements de l’asthme. Sur le site passeport santé il est décrit les traitements possibles du mal. Ainsi, les personnes asthmatiques doivent également constamment surveiller leur capacité respiratoire, pour s’assurer de l’efficacité des traitements, et éviter de s’exposer aux facteurs qui peuvent déclencher une crise. Parfois, des médicaments contre l’allergie sont également prescrits.
●
Le traitement de fond de l’asthme, qui diminuent le risque de développer une crise, se prend régulièrement, tous les jours, même lorsqu’on se sent en pleine forme afin d’éviter les crises d’asthme. Ce type de traitement calme l’inflammation des bronches qui est constamment présente, même faiblement, chez les personnes asthmatiques. 
●
Le traitement de la crise d’asthme est celui qui doit être pris au début ou pendant une crise d’asthme. Il agit rapidement pour dilater les bronches et ouvrir un plus grand passage pour l’air.
L’asthmatique doit donc prendre beaucoup de précautions. Pour obtenir le contrôle de l’asthme, et donc éviter les crises,il est recommandé de :
●
Suivre régulièrement son traitement de fond, même après obtention d’une amélioration. Car cela a pour objectif de contrôler la maladie et de réduire considérablement les symptômes et le nombre de crises d’asthme ;
●
Consulter régulièrement son médecin traitant pour son asthme, même si celui-ci paraît contrôlé. 
●
Eviter l’exposition aux facteurs déclenchant ou aggravant l’asthme (tabagisme actif et passif, contact avec des animaux domestiques responsables d’une allergie, exposition à des irritants pouvant être d’origine professionnelle, etc.) ;
●
Prendre, dès l’apparition de symptômes (et sans attendre la survenue d’une vraie crise d’asthme), un traitement de la crise, c’est-à-dire un bronchodilatateur d’action rapide.
Verdict
L’eau qui coule de climatiseurs ne guérit pas l’asthme car l’asthme est une maladie qui ne se guérit pas et persiste toute la vie même si des phases de rémission peuvent durer plusieurs années faisant parfois oublier la maladie. Cela ne signifie pas que la maladie a disparu, mais le sujet a réussi à contrôler son mal et peut rester sans avoir des crises pendant plusieurs années.
Cokou Romain COKOU
www.24haubenin.bj ; L'information en temps réel
24 octobre 2022 par La Rédaction"
9EASA4MWRX,0,"Plus d’un million de certificats NPI/fID délivrés en moins de 12 (...)

Plus d’un million de personnes dont 44% de femmes ont déjà demandé et obtenu gratuitement en ligne le Certificat du Numéro Personnel d’Identification (Certificats NPI/fID), en moins d’une année, selon des statistiques de l’Agence Nationale pour l’Identification des Personnes (ANIP).
Pièce maîtresse exigée pour l’établissement de la Carte Nationale d’---------------------; l’accès aux services de l’état civil dont l’extrait sécurisé d’acte d’état civil reconstitué, etc. le Certificat du Numéro Personnel d’Identification (Certificats NPI/fID) a été fortement demandée par les populations. En moins d’une année, plus d’un million de personnes dont 44% de femmes ont déjà demandé et obtenu gratuitement en ligne le Certificat du Numéro Personnel d’Identification (Certificats NPI/fID).
Pour arriver à rendre cette pièce accessible à tout Béninois ou tout résidant, le Gouvernement a sollicité et obtenu de la Banque mondiale, le financement du programme régional WURI-BENIN sous tutelle de l’Agence Nationale pour l’Identification des Personnes (ANIP). Ce soutien se traduit entre autres par la mise à disposition gratuite, à travers un support de distribution, du NPI à tout citoyen béninois ou résidant ayant fait le RAVIP. Outil d’inclusivité sociale par excellence, la nouvelle preuve d’attestation d’identité qu’est le NPI/fID est également un instrument d’intégration régionale. 
Selon le gouvernement du Bénin, cette attestation d’identité avec la CEDEAO deviendra, au plan régional, une pièce nécessaire pour faciliter la circulation des personnes et l’accès aux services dans plusieurs pays.
Au Bénin, le Certificat du Numéro Personnel d’Identification (Certificats NPI/fID) sert à différents usages notamment : Pièce justificative de l’identité de base pour accéder aux services sociaux de base comme par exemple la Formation du programme ARCH ; l’accès au crédit comme les bénéficiaires de la deuxième phase du microcrédit -------; l’établissement de la Carte Nationale d’-------------------- et l’accès aux services de l’état civil comme la demande d’extrait sécurisé d’acte d’état civil reconstitué.
Le Certificat du Numéro Personnel d’Identification (CNPI) / Certificat fID est obtenu gratuitement sur => https://eservices.anip.bj/requests/create/FID
-----
www.24haubenin.bj ; L'information en temps réel
24 octobre 2022 par -----------"
DMKS2QP74Q,0,"L’appel de --------------------- contre le chef du Polisario

Victime de viol par le chef du Polisario Brahim Ghali, -------------------------- a fait des témoignages devant le Parlement Européen à Bruxelles.
Dans le cadre des auditions de la Commission FEMM de l’institution législative européenne sur « Les violences sexuelles et le viol comme abus de pouvoir », --------------------------, femme sahraouie a témoigné, jeudi 13 octobre 2022, sur le viol dont elle a été victime en 2010 alors qu’elle était encore mineure.
Le souvenir vivace, -------------------------- a rappelé comment le chef du groupe séparatiste ------------ a abusé d’elle alors qu’elle s’est rendue en 2010 à l’ambassade du Polisario à Alger pour obtenir une autorisation de sortie. 
Un reportage de la chaîne de télévision franco-israélienne I24News pour sa version web retrace le témoignage de ------------------------------ au Parlement Européen à Bruxelles.
Khadijatou --------------- exige que le chef du Polisario ne continue plus à jouir de l’impunité. La jeune femme sahraouie appelle à ce que ------------ soit arrêté et traduit en justice.
-----
www.24haubenin.bj ; L'information en temps réel
24 octobre 2022 par -----------"
JCD1B15Q7W,1,"Voici l’essentiel à retenir du projet GDIZ

Dans sa vision de faire du Bénin un hub industriel et d’assurer la transformation des produits agricoles, le gouvernement à travers le décret n° 2020-062 du 05 février 2020 a créé la Zone industrielle de Glo-Djigbé-Zè (GDIZ). Depuis sa création, la GDIZ connait un succès fulgurant et attire les investisseurs à travers le monde.
Située à 45 km de la ville de Cotonou, la capitale économique du Bénin, la Zone industrielle de Glo-Djigbé-Zè est une zone dédiée à la transformation locale de produits agricoles, notamment le coton, la noix de cajou, l’ananas, la noix de karité et le soja. Fruit du partenariat public privé (PPP) entre la République du Bénin et le groupe ARISE IIP, elle couvre une superficie de 1640 ha. Les travaux d’aménagement ont démarré en avril 2021, et le montant des investissements estimé à 164 milliards FCFA. 
Pour la première phase de 400 ha déjà bouclée, d’importantes réalisations ont été faites. De la caserne des pompiers, en passant par le guichet unique, les infrastructures routières et réseaux de drainage, les égouts, les réseaux de distribution d’eau, l’installation des lampadaires, l’installation des réseaux de transmission aérien de 20 KV, les entrepôts etc, la Zone économique de Glo-Djigbé est une zone déjà opérationnelle qui accueille des investisseurs. Le nombre des investisseurs déjà présents est estimé à plus d’une trentaine. Ces derniers opèrent entre autres dans les domaines du textile, de la transformation du cajou, la transformation automobile, le bois, l’aluminium, des ordinateurs, etc.
En créant la GDIZ, le gouvernement béninois vise plusieurs objectifs. Il s’agit de promouvoir et d’attirer les investissements de type agricole, industriel, commercial et de services ; d’inciter l’investissement direct béninois et étranger ; de favoriser le développement des productions et des ressources naturelles nationales ; de développer les industries de fabrication de produits de première, deuxième et troisième transformations ; d’accroître la compétitivité des produits « Made in Bénin » ; et de favoriser la création d’emplois. 
A la date de ce jour, la GDIZ emploie déjà plus de 5000 personnes. Ce nombre suivant les explications des directeurs généraux de ------- (Agence de promotion des investissements et des exportations), autorité administrative de la zone, et de la SIPI-BENIN (Société des investissements et de promotion de l’industrie) pourrait doubler d’ici la fin de l’année 2022 (au moins 10.000 emplois) ; pour un objectif à terme de 300.000 emplois directs, et 600.000 voire 700.000 emplois indirects. 
La GDIZ selon ---------------, directeur général de -------, est conçue pour être un parc industriel moderne, respectant les normes environnementales et sociales les plus élevées, et destiné à fournir des services à différentes industries.
-------- 
www.24haubenin.bj ; L'information en temps réel
24 octobre 2022 par --------------------"
OAVCR28XIR,0,"14 associations de taxi-moto de Parakou adhèrent au BR

Les conducteurs de taxi-moto de la ville de Parakou ont fait leur déclaration d’adhésion au parti Bloc Républicain (BR), dimanche 23 octobre 2022, à la salle d’alphabétisation de Parakou.
Des adhésions au parti Bloc Républicain (BR) à trois mois des élections législatives de janvier 2023. Le parti a reçu, dimanche 23 octobre 2022, l’adhésion des hommes en maillot jaune de la cille de Parakou. « A compter de ce jour, nous les conducteurs de -------- de Parakou réunis au sein des associations, prenons l’engagement de travailler sans relâche aux côtés du ministre -------------------, du ------------------------------------------------------ Bénin ----------------- et du jeune leader ----------- Gandé pour le rayonnement du parti Bloc Républicain et pour sa victoire à l’issue des législatives de janvier 2023 », se sont engagés les conducteurs de taxi-moto venant de 14 associations de la ville de Parakou.
Les conducteurs de taxi-moto ont adhéré au Bloc Républicain parce que le parti prend en compte les aspirations du peuple, a fait savoir ----------------------, Président des syndicats de taxi-moto de Parakou.
-----
www.24haubenin.bj ; L'information en temps réel
24 octobre 2022 par -----------"
VN4IECZL2E,0,"Rencontre du chef de l’Etat avec les deux blocs de la mouvance

Le -------------------------- a rencontré, dimanche 23 octobre 2022, les responsables des partis Union Progressiste le Renouveau (UPR) et le Bloc Républicain (BR). Plusieurs sujets ont été débattus au cours de la rencontre.
------------- a rencontré les deux grands blocs de la mouvance présidentielle dimanche 23 octobre 2022. La rencontre qui intervient à quelques jours du dépôt des déclarations de candidatures pour les législatives du 08 janvier 2023 à la Commission électorale nationale autonome (CENA), apprend-on, vise à examiner les positionnements sur les listes.
La guéguerre entre les deux grandes formations politiques aurait été discutée lors de la rencontre avec le --------------------------. 
Depuis plusieurs semaines, on assiste à une vague de démissions de militants BR au profit de l’UPR. Une situation à l’origine de frustrations et critiquée dans l’opinion publique.
--------
www.24haubenin.bj ; L'information en temps réel
24 octobre 2022 par --------------------"
YHB6WWTH45,0,"Un marabout arrêté pour fabrication de faux billets

La Police républicaine a arrêté à Natitingou, jeudi 18 octobre 2022, un marabout de nationalité burkinabè pour fabrication de faux billets.
Un marabout burkinabè sera présenté au Procureur de la République ce lundi 24 octobre 2022 après son interpellation, jeudi 18 octobre 2022, pour fabrication de faux billets de banque.
Selon les informations, le marabout aurait déjà réussi à fabriquer 50 millions de FCFA.
Le faussaire propose de faire multiplier les billets de banque à l’aide de statuettes, de canaris attachés de fils rouges et blancs. Pour attirer ses victimes, le marabout leur propose une potion capable de faire accroître la clientèle.
-----
www.24haubenin.bj ; L'information en temps réel
24 octobre 2022 par -----------"
ZEWGJ5WIWW,0,"Décorer votre maison en période d’inflation

‍
Image Source : Photo de ---------------
Lorsque les temps sont durs, les gens cherchent des moyens de joindre les deux bouts. La nourriture et le logement sont deux produits de première nécessité qui ont tendance à grimper en même temps que les taux d’inflation. Dans ces moments-là, que faites-vous ? Renoncez-vous à votre rêve de posséder une maison ou essayez-vous de trouver des moyens créatifs de l’avoir sans vous ruiner ? Une maison n’est pas seulement un toit au-dessus de votre tête. C’est votre petit monde à vous où vous pouvez vous détendre après une journée de travail stressante, vous mettre à l’abri des regards indiscrets lorsque vous avez besoin d’un peu de solitude ou organiser de grandes fêtes pour vos amis et votre famille. Bien que la location puisse sembler être la solution la plus responsable sur le plan fiscal face à la hausse des prix de l’immobilier et à l’incertitude économique générale, personne ne peut mettre un prix sur la possession d’un bien aussi personnel qu’une maison à soi. Lisez la suite pour découvrir des trucs et astuces sur la façon de décorer votre maison même en période de forte inflation.
Pendant l’inflation, il est important de garder votre budget à l’esprit lorsque vous décorez votre maison. Bien que vous ayez envie de dépenser davantage en raison de la dépréciation de votre monnaie, essayez de ne pas vous emballer simplement parce que les prix sont plus élevés que d’habitude. -----------vous plutôt sur l’achat d’articles qui dureront des années et qui n’auront pas besoin d’être remplacés de sitôt. Il est important de penser au long terme et d’investir dans des pièces de qualité pour votre maison. Cela signifie dépenser plus aujourd’hui, mais économiser de l’argent et du temps à l’avenir. Voici nos conseils pour vous :
Trouvez les meilleures offres
Recherchez les bonnes affaires dans les magasins de rénovation et les détaillants d’appareils ménagers et de décoration tels que VidaXL. Ces magasins offrent souvent des rabais sur les appareils et les accessoires pendant les soldes ou les promotions. Vous pouvez également trouver des coupons en ligne et dans les journaux, les magazines et les publipostages.
Demandez à vos amis et à votre famille s’ils connaissent de bonnes affaires dans votre région.
Privilégiez la qualité
N’achetez pas de meubles qui se cassent ou s’usent rapidement. Si vous décorez, privilégiez la qualité et la durabilité.
Si vous rénovez votre maison, envisagez d’acheter des appareils électroménagers et des installations neuves plutôt que des appareils usagés. Ils sont souvent plus économes en énergie que les anciens modèles, ce qui peut vous faire économiser de l’argent sur vos factures de services publics à l’avenir.
Optez pour le remis à neuf
Si vous êtes prêt à faire des compromis sur certaines caractéristiques, envisagez d’acheter un appareil remis à neuf. Les modèles remis à neuf sont souvent moins chers que les appareils neufs et sont accompagnés d’une garantie couvrant tout problème survenant au cours de la première année de possession.
Pensez à customiser vos meubles
La personnalisation des meubles anciens ou même neuf est un moyen abordable d’ajouter du style et de la personnalité à votre maison. Vous pouvez personnaliser des meubles tels que des chaises de cuisine ou une table en les peignant, en les teintant ou simplement en ajoutant des accessoires tels que des coussins ou des couvertures. L’avantage de la personnalisation des meubles anciens est que vous n’avez pas besoin de beaucoup d’expérience ; il vous suffit d’avoir les bons outils.
www.24haubenin.bj ; L'information en temps réel
24 octobre 2022 par ---------------"
8RQBCCGDLF,0,"La CEDEAO obtient un compromis avec la junte au pouvoir

Après plusieurs mois d’échange et de négociation, la Communauté des États de l’Afrique de l’ouest (CEDEAO) et la junte au pouvoir en Guinée se sont entendus sur « un chronogramme consolidé de transition ». C’est le résultat des travaux d’une mission technique conduite par l’ex président --------- du 17 au 21 octobre 2022 à Conakry.
La junte au pouvoir en Guinée désormais en accord avec la CEDEAO. Un compromis de 24 mois de transition est trouvé. La décision a été prise au terme d’une mission technique qui a travaillé du 17 au 21 octobre 2022 à Conakry. 
Selon le rapport publié, vendredi 21 octobre 2022, une période de transition de 24 mois couvrant les 10 points clés en vue d’un retour à ordre constitutionnel a été retenu de commun accord avec les autorités guinéennes. 
Le « chronogramme consolidé de la transition » selon -----------------, commissaire des affaires politiques, paix et sécurité de la CEDEAO, a été obtenu sur le principe d’un compromis dynamique. A l’en croire, il est le fruit de la volonté politique manifeste des autorités de la transition. 
Très heureux de ce travail des experts de la CEDEAO, et de la junte au pouvoir, --------- a réitéré la solidarité de l’organisation sous régionale au peuple guinéen, et remercié le président de la transition pour avoir validé le chronogramme de 24 mois.
www.24haubenin.bj ; L'information en temps réel
23 octobre 2022 par --------------------"
GWEDPEWNJS,0,"Trois trafiquants d’ivoires sculptés arrêtés puis déposés

50 statuettes en ivoire finement ouvragées, 11 dents de lions et une queue d’éléphant, des pièces d’espèces en voie d’extinction, formellement interdites à la vente, ont été saisies les 13 et 14 octobre 2022 à Lomé, au cours d’une opération des agents de l’Office Central de Répression du Trafic illicite de Drogue et du Blanchiment (OCTRIDB) et du Ministère de l’Environnement et des Ressources Forestières (MERF) en collaboration avec EAGLE-Togo.
--------------- et -------------, de nationalité guinéenne, ont été arrêtées le 13 octobre 2022 à Lomé avec une importante quantité d’ivoire sous formes de pièces sculptées en statuettes. Pour faire la transaction, ------------- s’est déplacé dans un hôtel et a été interpellé au moment où il s’apprêtait à écouler les statuettes en ivoire mis soigneusement dans un sac après avoir emballé le tout dans un linceul blanc. Son complice, --------------- qu’il avait placé dans la rue pour faire le guet, avait été découvert et arrêté sans qu’il n’ait le temps de prendre la fuite.
Poursuivant l’enquête, le 14 octobre et sur collaboration de -------------, qui a fourni le nom de son fournisseur pendant son interrogatoire, une équipe de l’OCRTIDB accompagnée du dénonciateur s’est transportée le même jour à la bijouterie du Sénégalais nommé --------------, où, sur renseignement, l’équipe est parvenue à identifier ce dernier puis procéder à son interpellation.
-------------- n’a pas reconnu être le propriétaire des statuettes d’ivoire, mais a admis que c’est une personne dont il n’a pas donné le nom qui lui aurait vendu les cinquante statuettes en ivoire. « Dans l’activité de bijouterie, toute personne vient vendre les articles lorsqu’elle a besoin d’argent. C’est souvent des étrangers qui viennent me vendre et je ne connais pas ses gens et ce sont les blancs souvent qui viennent acheter », s’est-il défendu.
Il a précisé qu’il ne vend pas de l’ivoire. Pourtant, une queue d’éléphant en plus de onze dents de lions, des pièces des espèces entièrement protégées, ont été trouvées dans son atelier pendant la perquisition.
Les trois trafiquants arrêtés ont été reconnus coupables et déférés à la prison civile de Lomé le vendredi 21 octobre 2022. S’ils sont jugés, ils encourent une peine de prison allant d’un à cinq ans et d’une amende d’un (01) million à cinquante (50) millions de Francs CFA.
Rappelons que le Togo a adopté un code forestier, sans oublier les efforts de saisies d’ivoire en provenance des autres pays. Aussi, le nouveau code pénal dans son volet environnement renforce la protection de la faune et la flore dans son article 761 qui réprime d’un maximum de cinq ans de prison et de cinquante millions d’amende, toute personne qui directement ou indirectement commercialise sans droit, une espèce animale protégée.
« En ce moment où l’on dispose de preuves de plus en plus manifestes des liens entre les organisations terroristes et le crime organisé contre l’environnement avec existence de plusieurs modes de financement dudit terrorisme à travers cette criminalité environnementale sous toutes ses formes, tout acteur impliqué dans cette lutte devra doubler d’engagement aux fins de contribuer à l’application stricte de la loi, seul moyen de donner un signal fort et décourager toute autre personne ayant cette intention criminelle », a déclaré le Coordinateur assistant d’EAGLE-Togo.
Le commerce international de l’ivoire est déclaré illégal depuis 1989, mais les populations d’éléphants en Afrique sont en baisse. Ce sont chaque année, près de 20 000 à 30 000 éléphants qui sont tués pour leurs ivoires, selon le Fonds Mondial pour la Nature (WWF). Ce qui équivaut à entre 50 à 80 éléphants tués par jour. L’espèce ne compte plus que 415 000 individus en Afrique, contre 3 à 5 millions au début du siècle dernier. (EAGLE-Togo)
www.24haubenin.bj ; L'information en temps réel
23 octobre 2022 par ---------------"
H5R755CU9A,0,"Les Ecureuils U 23 s’inclinent face au Soudan

Le Bénin a perdu ce dimanche 23 octobre 2022 face au Soudan dans le cadre du match-aller comptant pour le 2è tour des éliminatoires à la CAN U 23.
2 buts à 0 en faveur du Soudan. C’est le score du match qui a mis aux prises les Ecureuils U 23 du Bénin et les Crocodiles du Nil U23 du Soudan ce dimanche 23 octobre 2022 au Soudan dans le cadre 2è tour des éliminatoires à la Coupe d’Afrique des Nations des moins de 23 ans (Can U23) Maroc 2023. à la CAN U 23.
Le match-retour se jouera dimanche 30 octobre 2022 au Stade Général Mathieu Kérékou de Cotonou.
-----
www.24haubenin.bj ; L'information en temps réel
23 octobre 2022 par -----------"
HOZZ8UW5VA,0,"11e forum des agents des douanes de l’UEMOA en 2023 au Bénin

Le 11e forum des agents des douanes de l’espace UEMOA sera organisé en 2023 au Bénin. Le Bénin a été désigné à l’issue de la 10è édition tenue du 19 au 21 octobre 2022 à Niamey (Niger). Plusieurs recommandations ont été formulées à la clôture de la 10è édition.
Le Bénin a été désigné pour abriter le 11e forum des agents des douanes de l’Union Economique Monétaire Ouest-Africaine (UEMOA). Le pays du président ------------- a été désigné, vendredi 21 octobre 2022, lors de la clôture des travaux de la 10è édition tenue du 19 au 21 octobre 2022 à Niamey (Niger).
Un forum dont les travaux se sont bien déroulés, selon --------------, Secrétaire Général du ministère des Finances, représentant le ministre des Finances du Niger et de -----------------------, Secrétaire Général du Bureau Exécutif du SNAD------.
Les participants à la 11e édition ont fait des recommandations à la Commission de l’UEMOA ; aux administrations douanières et aux organisations socioprofessionnelles. A la Commission de l’UEMOA, il a été demandé la création d’un cadre régional de travail pour le partage des informations et l’élaboration d’une cartographie des risques sécuritaires ; l’appui des États membres dans la mise en œuvre de la ZLECAF et œuvrer au respect strict des dispositions du protocole additionnel N°003/2001 sur les règles d’origines.
Les administrations douanières ont été exhortées à organiser des formations à l’endroit des agents notamment sur des questions relatives à l’armement, l’identification et la maîtrise des marchandises dangereuses ; d’œuvrer à l’accélération de la dématérialisation des outils et procédures afin de combattre les barrières non tarifaires prévues par la mise en œuvre de la ZLECAF.
Les participants ont invité les organisations professionnelles à organiser des séances de sensibilisation/vulgarisation des textes et directives de l’UEMOA ainsi que des dispositions relatives à l’opérationnalisation de la ZLECAF.
« Pour notre part, en tant que pays organisateur, notre syndicat ne ménagera aucun effort de concert avec le secrétariat permanent du forum pour un suivi adéquat à l’effet de la mise en œuvre dédites recommandations », a assuré -----------------------, Secrétaire Général du Bureau Exécutif du SNAD------.
-------www.24haubenin.bj ; L'information en temps réel
23 octobre 2022 par -----------"
XVFBVLUOJO,0,"Clément ------------- met KO le nigérian ------------

Clément Loko, alias ”La panthère”, a battu par KO le nigérian, -----------, samedi 22 octobre 2022 au Nigeria. C’est dans le cadre du gala de boxe organisé par ---------------, un Nigérian vivant aux États-Unis.
 Le pugiliste béninois ------------, alias ”La panthère”, a battu par KO le nigérian, ----------- lors du gala de boxe organisé, samedi 22 octobre 2022 au Nigeria par ---------------, un Nigérian vivant aux États-Unis.
La troisième victoire d’affilée pour le pugiliste béninois qui se prépare au Championnat WBC francophone de boxe.
-----
www.24haubenin.bj ; L'information en temps réel
23 octobre 2022 par -----------"
FKV1PWMYH2,0,""" L’Afrique du Sud se retrouve du mauvais côté de l’histoire ""

Le ministre des Affaires étrangères, de la Coopération africaine et des Marocains résidant à l’étranger, -------------- a affirmé que les gesticulations et agitations de l’Afrique du Sud autour du Sahara marocain reflètent son incapacité à agir sur le dossier. C’était lors d’un point de presse ce jeudi 20 octobre 2022 au terme d’un entretien avec son homologue belge ----------------.
Le chef de la diplomatie marocaine a été interrogé sur l’accueil accordé par le président sud-africain --------------- au chef de la milice du polisario. « Qu’un torchon ou un tapis rouge ait été dressé n’altère en rien le dossier mais exprime plutôt l’incapacité à influer », a déclaré -------------- rapporté par l’agence marocaine de presse (MAP). Le ministre a souligné que « tous les développements qu’a connu le dossier, l’Afrique du Sud se retrouve du mauvais côté de l’histoire » à un moment où il faut une solution dans le cadre de l’ONU.
« Une solution basée sur la légitimité internationale, et qui distingue un Etat d’une milice, un drapeau d’un torchon, c’est ce que les gens attendent d’un pays crédible », a relevé ----------. A l’en croire, « le Maroc continuera à défendre ses intérêts, et à user de tous les moyens en sa possession ». Le ministre a souligné que le comportement de Pretoria sur la question du Sahara marocain « nuit aux relations bilatérales et à tout ce qui a été construit, notamment dans les milieux économiques ». 
« Une entreprise sud-africaine ne peut gagner de l’argent au Maroc en restant les bras croisés face aux agissements de son gouvernement », a-t-il ajouté.
Le ministre des Affaires étrangères, de la Coopération africaine et des Marocains résidant à l’étranger a rappelé le discours de Sa Majesté le Roi Mohammed VI du 20 août. Le Souverain avait affirmé que « le dossier du Sahara est le prisme à travers lequel le Maroc considère son environnement international ».
 « Le Maroc n’est pas surpris par ce qui se produit (par Pretoria, ndlr) ; c’est quelque chose à laquelle on s’est habitué, et qui n’a aucun effet », a indiqué le ministre. -------------- a aussi souligné que « tout ce que l’Afrique du Sud a semé par le passé, elle le récoltera à l’avenir, à savoir qu’il n’y aura aucun impact sur le dossier, son évolution et la direction qu’il prend ».
L’Afrique du Sud, poursuit le ministre, a reconnu l’entité fantoche en 2005.
Depuis 2005, 20 pays ont retiré leur reconnaissance, 10 en Afrique, dont 7 dans le voisinage de Pretoria. « Rien n’a changé » bien que l’Afrique du Sud ait rejoint le Conseil de sécurité trois fois depuis 2005 (en 2007, 2011 et 2019), a soutenu le ministre. « L’Afrique du Sud constate que la moitié du continent africain, 23 pays, ont ouvert des consulats dans les provinces du Sud, dont plusieurs pays issus de son voisinage direct et de sa région », a rappelé SEM. Bourita.
90 pays dont la Belgique et près de 10 autres pays européens ont aussi exprimé une position positive par rapport au plan d’autonomie que le Maroc a présenté en 2007. « De ces 90 pays, 30 sont des pays africains qui adoptent la même attitude positive », a indiqué le ministre. 
Le chef de la diplomatie marocaine s’est également félicité de l’approche constructive adoptée par l’Union Africaine au sujet du Sahara.
A.Ayosso
www.24haubenin.bj ; L'information en temps réel
22 octobre 2022 par --------------"
I8YP8LF544,0,"Quatre morts et les Béninois inchangés

(Par ---------------)
​Dans la nuit du vendredi 7 au samedi 8 octobre 2022, dans un hôpital de référence du Bénin, une coupure de l’énergie électrique a causé la mort de quatre patients. Aussitôt connu, le drame a entraîné sur les antennes des radios, sur les plateaux de télévision et sur les réseaux sociaux, un déferlement de bons sentiments. Voici, pour l’exemple, trois bons sentiments : « Acte à punir et à décourager à jamais ». « Ça m’a abattu. » « Il faut laisser à Dieu. » Ceci demande une lumière bénino-béninoise : si d’aventure, l’un des éventuels mis en examen devait être un parent ou un ami vous venant parfois en aide, le tribunal s’en remettra à Dieu-de-Toute-Bonté. Dieu est Justice et aussi le seul qui sache faire justice. Dans sa mansuétude infinie, Il absoudra les malheureux fautifs. Dans son ciel, les ayant exonérées du purgatoire, Il prendra les quatre âmes arrachées à leurs corps par une faute humaine non préméditée. Ainsi, les cadavres étant encore frais, les Béninois auront-ils déjà, dans leur bon cœur, renoncé à toute sanction, tout en vitupérant, avec force, les futurs mis en examen.
​Au demeurant, face aux quatre décès par inadvertance dans cet hôpital de référence, personne, dans la sphère horizontale et verticale du CNHU, ne s’est senti suffisamment interpellé pour présenter spontanément sa démission afin que l’honneur soit sauf. C’est que le fonctionnaire béninois normal, s’il a parfois la pleine notion de Dieu, ignore pratiquement la notion de mission qui implique celle de responsabilité personnelle. A son poste supposé de travail, il attend son salaire mensuel qui est de toujours à toujours « un salaire de misère ». Actionné par cette misère étale, il s’absente souvent, d’une absence soutenue par ses collègues à travers le mantra « il s’est levé ». Le salaire étant assuré, le miséreux s’en va courir des lièvres ailleurs pour atténuer sa misère. Tout le monde admet qu’il n’a pas à se fatiguer pour une misère reconnue et proclamée telle. Et souvent, on « se lève » à sa suite. D’autant qu’on a des diplômes en poche. Après Dieu, le Béninois normal voue un culte aux diplômes qu’il croit performants en soi. Cette croyance a failli entraîner une vraie guerre entre lui et le ------------------ quand celui-ci a dit voir dans son pays « un désert de compétences ». Et il est vrai que le Béninois normal entretient une intense confusion entre diplôme et compétence, entre savoir et savoir-faire. C’est peut-être pour lui plaire qu’on a créé des licences professionnelles, licences avec compétence à la clé. Mais à quoi sert une licence compétente quand la jeune laborantine licence-pro se dit « obligée de bidouiller les prélèvements » pour s’augmenter le salaire, et que les comptables licence-pro se disent « obligés de fausser les chiffres » pour s’augmenter le salaire ? Misère ! Misère ! Ô Misère !
​Il y a six ou sept ans, au cours d’une négociation avec les syndicats, et alors qu’il rechignait à augmenter les salaires éternellement « de misère », le ------------------ s’était entendu dire par quelque membre du corps médical qu’il sera bien obligé de céder « quand les malades commenceront à mourir » pour cause de grève. Il n’y a pas eu grève en la circonstance. Les assassins d’---------- ne revendiquent pas les quatre ci-dessus macchabées. Seule une faute humaine non préméditée les a arrachés à l’affection des leurs. Pour éviter ces non-préméditations donneuses de mort, tous les Béninois savent la recette et la chantent face à tous les micros tendus. Mais dès après la belle ode des bons sentiments devant les micros, ils retrouvent la bonne rengaine des mauvais sentiments, et le Bénin stagne parce que les Béninois restent inchangés. Voilà pourquoi ------------ préconise la radicalité : « Le matériau humain lui-même est à refondre. » Préconisation désespérée ? Comment peut-on refaire l’homme en profondeur ? Comment peut-il naître à nouveau ? Sur cette question cruciale, -------- eut quelque mal à se laisser convaincre par ---------------.
www.24haubenin.bj ; L'information en temps réel
22 octobre 2022 par ---------------"
UR87T2FTYR,0,"Le réseau GSM Celtiis officiellement lancé

Comme annoncé, le réseau GSM promu par la Société d’infrastructures numériques du Bénin (SBIN) a été officiellement lancé vendredi 21 octobre 2022. Le ministre d’État en charge de l’économie et des finances, --------------- et sa collègue du numérique et de la digitalisation, --------------------------- ont présidé la cérémonie de lancement.
 Un nouveau réseau GSM au Bénin. La marque Celtiis de la SBIN a été officiellement lancé ce vendredi 21 octobre 2022 à Cotonou. La gestion est confiée à une filiale du Groupe Orange. 
Plusieurs autorités, notamment le ministre ---------------, et sa collègue du numérique et de la digitalisation étaient au lancement. On note également la présence à cette rencontre riche en couleurs, de -----------, directeur général du groupe Sonatel, la filiale de Orange qui aura à gérer Celtiis pour une durée de trois (03) ans.
--------
www.24haubenin.bj ; L'information en temps réel
22 octobre 2022 par --------------------"
G03EDL9NME,0,"---------------- parle des préparatifs du Gala des 100 entreprises du (...)

Le cabinet Eco Finance Entreprises organise le 05 novembre à Cotonou, le Gala du Top 100 des entreprises les plus dynamiques du Bénin. En prélude à cette prestigieuse cérémonie de distinction des entreprises ; ---------------- nous parle des préparatifs

www.24haubenin.bj ; L'information en temps réel
21 octobre 2022 par ---------------"
GELB52DX3D,0,"------------------ et du Maroc pour la création d’un Conseil d’Affaires

Un mémorandum d’entente a été signé, mercredi 19 octobre 2022, à Casablanca, entre -------------, -------------------- et --------------------, Président du Conseil National du Patronat du Bénin. 
En marge de la conférence sur le Dialogue des Patronats Africains qu’a abrité la CGEM (Confédération Générale des entreprises du Maroc), un Mémorandum d’entente a été signé , mercredi 19 octobre à Casablanca, entre -------------, -------------------- et --------------------, Président du Conseil National du Patronat du Bénin.
Le mémorandum vise à consolider la coopération entre ces deux organisations notamment via la création d’un Conseil d’Affaires Maroc-Bénin.
-----
www.24haubenin.bj ; L'information en temps réel
21 octobre 2022 par -----------"
